Workbook
Name Slicer_Region: #N/A

Sheet Sales_Data
A1: Date | B1: Salesperson | C1: Region | D1: Product | E1: Units_Sold | F1: Revenue | G1: Performance | H1: Difference_From_Target
A2: 45292 | B2: John | C2: North | D2: Laptop | E2: 25 | F2: 2500 | G2: =IF(F2>5000,"Excellent",IF(F2>4000,"Good","Average")) -> Average | H2: =F2-VLOOKUP(C2,Region_Targets!$A$2:$B$5,2,FALSE) -> -2500
A3: 45293 | B3: Emma | C3: South | D3: Tablet | E3: 40 | F3: 4000 | G3: =IF(F3>5000,"Excellent",IF(F3>4000,"Good","Average")) -> Average | H3: =F3-VLOOKUP(C3,Region_Targets!$A$2:$B$5,2,FALSE) -> -500 | K3: North_Units_Above_40
A4: 45294 | B4: Liam | C4: East | D4: Phone | E4: 55 | F4: 5500 | G4: =IF(F4>5000,"Excellent",IF(F4>4000,"Good","Average")) -> Excellent | H4: =F4-VLOOKUP(C4,Region_Targets!$A$2:$B$5,2,FALSE) -> 1500 | K4: =COUNTIFS(E:E,">40",C:C,"North") -> 3
A5: 45295 | B5: Sophia | C5: West | D5: Monitor | E5: 20 | F5: 2000 | G5: =IF(F5>5000,"Excellent",IF(F5>4000,"Good","Average")) -> Average | H5: =F5-VLOOKUP(C5,Region_Targets!$A$2:$B$5,2,FALSE) -> -1500
A6: 45296 | B6: Noah | C6: North | D6: Laptop | E6: 35 | F6: 3500 | G6: =IF(F6>5000,"Excellent",IF(F6>4000,"Good","Average")) -> Average | H6: =F6-VLOOKUP(C6,Region_Targets!$A$2:$B$5,2,FALSE) -> -1500
A7: 45297 | B7: Olivia | C7: South | D7: Tablet | E7: 50 | F7: 5000 | G7: =IF(F7>5000,"Excellent",IF(F7>4000,"Good","Average")) -> Good | H7: =F7-VLOOKUP(C7,Region_Targets!$A$2:$B$5,2,FALSE) -> 500
A8: 45298 | B8: Ava | C8: East | D8: Phone | E8: 45 | F8: 4500 | G8: =IF(F8>5000,"Excellent",IF(F8>4000,"Good","Average")) -> Good | H8: =F8-VLOOKUP(C8,Region_Targets!$A$2:$B$5,2,FALSE) -> 500
A9: 45299 | B9: Mason | C9: West | D9: Monitor | E9: 30 | F9: 3000 | G9: =IF(F9>5000,"Excellent",IF(F9>4000,"Good","Average")) -> Average | H9: =F9-VLOOKUP(C9,Region_Targets!$A$2:$B$5,2,FALSE) -> -500
A10: 45300 | B10: Isabella | C10: North | D10: Laptop | E10: 60 | F10: 6000 | G10: =IF(F10>5000,"Excellent",IF(F10>4000,"Good","Average")) -> Excellent | H10: =F10-VLOOKUP(C10,Region_Targets!$A$2:$B$5,2,FALSE) -> 1000
A11: 45301 | B11: Ethan | C11: South | D11: Tablet | E11: 25 | F11: 2500 | G11: =IF(F11>5000,"Excellent",IF(F11>4000,"Good","Average")) -> Average | H11: =F11-VLOOKUP(C11,Region_Targets!$A$2:$B$5,2,FALSE) -> -2000
A12: 45302 | B12: Mia | C12: East | D12: Phone | E12: 40 | F12: 4000 | G12: =IF(F12>5000,"Excellent",IF(F12>4000,"Good","Average")) -> Average | H12: =F12-VLOOKUP(C12,Region_Targets!$A$2:$B$5,2,FALSE) -> 0
A13: 45303 | B13: Logan | C13: West | D13: Monitor | E13: 50 | F13: 5000 | G13: =IF(F13>5000,"Excellent",IF(F13>4000,"Good","Average")) -> Good | H13: =F13-VLOOKUP(C13,Region_Targets!$A$2:$B$5,2,FALSE) -> 1500
A14: 45304 | B14: Charlotte | C14: North | D14: Laptop | E14: 45 | F14: 4500 | G14: =IF(F14>5000,"Excellent",IF(F14>4000,"Good","Average")) -> Good | H14: =F14-VLOOKUP(C14,Region_Targets!$A$2:$B$5,2,FALSE) -> -500
A15: 45305 | B15: Lucas | C15: South | D15: Tablet | E15: 35 | F15: 3500 | G15: =IF(F15>5000,"Excellent",IF(F15>4000,"Good","Average")) -> Average | H15: =F15-VLOOKUP(C15,Region_Targets!$A$2:$B$5,2,FALSE) -> -1000
A16: 45306 | B16: Amelia | C16: East | D16: Phone | E16: 55 | F16: 5500 | G16: =IF(F16>5000,"Excellent",IF(F16>4000,"Good","Average")) -> Excellent | H16: =F16-VLOOKUP(C16,Region_Targets!$A$2:$B$5,2,FALSE) -> 1500
... A21: 45311 | B21: Henry | C21: West | D21: Monitor | E21: 40 | F21: 4000 | G21: =IF(F21>5000,"Excellent",IF(F21>4000,"Good","Average")) -> Average | H21: =F21-VLOOKUP(C21,Region_Targets!$A$2:$B$5,2,FALSE) -> 500

Sheet Region_Analysis
A1: Region | B1: Total_Revenue
A2: North | B2: =SUMIF(Sales_Data!C:C,A2,Sales_Data!F:F) -> 22500
A3: South | B3: =SUMIF(Sales_Data!C:C,A3,Sales_Data!F:F) -> 17000
A4: East | B4: =SUMIF(Sales_Data!C:C,A4,Sales_Data!F:F) -> 24000
A5: West | B5: =SUMIF(Sales_Data!C:C,A5,Sales_Data!F:F) -> 17000

Sheet Region_Targets
A1: Region | B1: Target_Revenue
A2: North | B2: 5000
A3: South | B3: 4500
A4: East | B4: 4000
A5: West | B5: 3500

Sheet Pivot_Analysis
D1: Pivot Table with Slicer
B3: Column Labels
B4: Phone | D4: Total Sum of Revenue | E4: Total Sum of Units_Sold
A5: Row Labels | B5: Sum of Revenue | C5: Sum of Units_Sold
A6: East | B6: 24000 | C6: 240 | D6: 24000 | E6: 240
A7: Grand Total | B7: 24000 | C7: 240 | D7: 24000 | E7: 240
